Model,Score,R2_Score,CVS,Bagging_score,Bagging_CVScore,Boost_score,Boost_CVScore,MSE,MAE,RMSE
LinearRegression(),0.019841,-0.8773,-0.000895,-0.752939,-0.000883,-0.192892,-0.208745,19.021534,3.403843,4.361368
DecisionTreeRegressor(),-0.0,0.019875,0.016296,-0.180118,-0.004052,-0.398413,-0.181267,18.644131,3.359547,4.317885
RandomForestRegressor(),0.75657,0.75655,0.7423,0.73098,0.74879,0.72654,0.73768,5.643489,1.359476,2.317811
Lasso(),0.43528,0.43528,0.428307,0.592623,0.414522,0.472175,0.642736,10.741835,2.200271,3.277474
Ridge(),-0.158253,-0.158253,-0.192306,-0.114496,-0.139082,-0.59597,-0.632985,22.031751,3.645818,4.693799
SVR(),-0.03961,-0.039613,-0.041205,-0.03406,-0.038959,-0.232672,-0.24622,19.77504,3.26843,4.446914
KNeighborsRegressor(),0.167379,0.14678,0.166463,0.362422,0.26659,0.427488,0.322311,18.387287,3.585108,4.321053
