Model,Score,R2_Score,CVS,Bagging_score,Bagging_CVScore,Boost_score,Boost_CVScore,MSE,MAE,RMSE
LinearRegression(),0.019840764143550405,-6.877303238006505e-08,-0.0008954251933202429,-7.752939792382563e-07,-0.00088341252202917,-0.19289245236254038,-0.2087453797677583,19.021533818635557,3.4038425740826104,4.361368342462668
DecisionTreeRegressor(),-6.877303238006505e-08,0.019874502827623486,0.01629641442896477,-0.1801176404311522,-0.004051964090220217,-0.3984131220252147,-0.18126658081843755,18.64413077027803,3.359547483326623,4.317884988079005
RandomForestRegressor(),0.019874502827623486,0.019840764143550405,0.016265802386390794,-63.80310273853901,-7.903432704737949,-10.389423620536528,-0.12550031306577325,18.643489008802074,3.359475508176895,4.317810673107619
Lasso(),0.43528023292234674,0.43528023292234674,0.4283068394990287,0.7159262312018332,0.7141452150240086,0.7101091134721749,0.7064273584343453,10.741835408770982,2.2002707092582567,3.2774739371612065
Ridge(),-0.15825320288235956,-0.15825320288235956,-0.1923057147370637,-0.1144958647304728,-0.13908234822184698,-0.5959703360501101,-0.6329847827779436,22.03175095397943,3.645818083378452,4.693799202562827
SVR(),-0.03961339107379791,-0.03961339107379791,-0.04120516052923451,-0.03406041200131882,-0.03895917080057618,-0.23267217104173943,-0.24622017509379476,19.775039916627176,3.268429720845924,4.446913527001303
KNeighborsRegressor(),0.7167795312605358,0.7167795312605358,0.7164631710611593,0.732422437379342,0.7265903481032475,0.7274880096684226,0.7223113337341058,5.3872873537574435,1.5851080129940442,2.3210530700002194
